lag,lead_media,lag_media,influence,p
-1,17,50,-0.0028254979149581897,0.9048640438965407
-1,17,64,-0.12875529897519464,1.663272152875141e-10
-1,17,66,-0.05768372323809626,1.7690226113818038e-8
-1,17,68,-0.01647229041183246,0.3275083307364357
-1,17,73,0.023810500516987226,0.3647340055209828
-1,17,103,-0.03717772702055481,0.17262682706925253
-1,17,136,-0.14722844927440248,9.943904104299698e-12
-1,17,215,-0.026732179687775404,0.2984535634192934
-1,17,258,-0.07385046191362961,1.947616816479447e-6
-1,17,275,-0.15754220540268835,4.1859813188663386e-5
-1,17,394,-0.16043359044755143,1.163152746964584e-7
-1,17,410,0.014330680163760795,0.5533571374825035
-1,17,435,-0.11497512110496622,2.250842617554048e-8
-1,17,441,-0.018699983978975137,0.1995028756726506
-1,17,449,-0.05358872983406622,2.2985197056535892e-4
-1,17,467,-0.06274292006894919,0.0020583304986634045
-1,17,490,-0.1813905246895582,3.9891189657727023e-19
-1,17,537,-0.2040853478640406,6.61225400602707e-8
-1,17,624,-0.05512290418816908,9.909191789583776e-6
-1,17,625,-0.1744355269835736,1.994810143266427e-16
-1,17,650,-0.08064928159345708,1.1186417207407476e-6
-1,17,680,0.0018907017702686254,0.9299889488998392
-1,17,684,-0.046103376601617396,9.479584627768926e-7
-1,17,688,-0.22443813673964444,7.189648786399273e-23
-1,17,694,-0.18839084916932483,5.740655344998018e-16
-1,17,696,-0.08129662855651118,8.282145902898763e-5
-1,17,750,-0.07849953419415846,8.299788499522916e-9
-1,17,777,-0.015446179404936195,0.5481360615152909
-1,50,17,-0.011907469107923504,0.5203420404235835
-1,50,64,-0.08166177499398942,1.7180691118431756e-7
-1,50,66,0.005682581319970274,0.527618226836118
-1,50,68,0.027751340685134487,0.032773413782971376
-1,50,73,-0.02033418001252037,0.2545522435613438
-1,50,103,0.026486877524955946,0.25930180242395784
-1,50,136,-0.07355342960346357,1.3409062842696312e-6
-1,50,215,-0.034485004920180924,0.05992594395772863
-1,50,258,-0.026372677921992122,0.04784651564011976
-1,50,275,-0.07993997698570947,0.0025442484374191793
-1,50,394,-0.10947357120410077,8.569393016613743e-7
-1,50,410,0.004830839803492453,0.8004849784183342
-1,50,435,-0.01092702297935259,0.5970229563805081
-1,50,441,0.018351535910517903,0.15127961363901526
-1,50,449,-0.01269191784430979,0.2596728171724454
-1,50,467,0.023801961163995675,0.1912820676850753
-1,50,490,-0.13044618631669966,8.743409356549275e-16
-1,50,537,-0.10612859880870848,1.258031709492945e-5
-1,50,624,0.10604656874891408,2.784047445175394e-9
-1,50,625,-0.14264167391973961,4.3167564395040386e-19
-1,50,650,0.019463283461224817,0.19951518577007543
-1,50,680,-0.0012418514523621338,0.9456309915732213
-1,50,684,0.01096249871099789,0.18434212565799699
-1,50,688,-0.06520563221784963,0.0013174763050732498
-1,50,694,-0.1305879989622443,2.4230844256973975e-13
-1,50,696,-0.04963313382072296,0.0037073517933938526
-1,50,750,0.05135171075349502,0.0030461116876430534
-1,50,777,-0.0318091446949877,0.09033084430722754
-1,64,17,0.03564607115197898,0.006042072867598132
-1,64,50,-0.023209723841102464,0.025853084777358183
-1,64,66,0.010917627231878429,0.06592535558807286
-1,64,68,-0.003349913319898478,0.681435837208745
-1,64,73,0.03781570878303873,0.002534746837464314
-1,64,103,0.022159773661830782,0.07579039398479848
-1,64,136,0.12703281044127884,4.841991327563998e-19
-1,64,215,0.09312822635498394,2.5769692240903246e-11
-1,64,258,0.036114632759762434,6.4603555168031e-5
-1,64,275,0.17201889417878163,1.228798555013764e-11
-1,64,394,0.1190802929128135,2.1958569162854533e-12
-1,64,410,0.02397862279638636,0.02743517204919283
-1,64,435,0.03645898904464503,0.005800112082298362
-1,64,441,0.01792645577485129,0.01616251517452275
-1,64,449,0.017492764232193533,0.02773373063854495
-1,64,467,0.030234619886734884,0.0019396579281300923
-1,64,490,0.11280119656865673,3.0359543451185033e-16
-1,64,537,0.1399145693963658,1.224537850367856e-6
-1,64,624,-0.0017850506089608124,0.8026363538371093
-1,64,625,0.13038007088161074,1.6190873644319282e-20
-1,64,650,0.0065833385010352135,0.4994942284946444
-1,64,680,0.021244937272369695,0.03966465163539171
-1,64,684,0.008228260480205118,0.10255021230373934
-1,64,688,0.07208134152135769,3.146554367478742e-8
-1,64,694,0.18504336936030721,6.872770532295365e-26
-1,64,696,0.041418198685523,4.316278676680313e-4
-1,64,750,-0.009051094505846098,0.21063742641419544
-1,64,777,0.013765342024974602,0.35055628793425975
-1,66,17,-0.17731759303623468,0.0017172721758914535
-1,66,50,0.012995953083273561,0.7592312069840161
-1,66,64,-0.10226996675881456,0.0071348696443890225
-1,66,68,0.05352554526487205,0.1452248390295768
-1,66,73,-0.11619295674568016,0.020413266721459548
-1,66,103,-0.06695623742572013,0.1775335148292099
-1,66,136,-0.12682868897059235,0.0015000838108991962
-1,66,215,-0.1475166089112629,8.181563288406966e-4
-1,66,258,-0.028366944704995678,0.4207839914460756
-1,66,275,-0.15501686400956233,0.021708690029830644
-1,66,394,-0.19981589021480456,3.069099147227563e-4
-1,66,410,-0.13069741387496395,0.0035258366092041334
-1,66,435,0.0035422055698462527,0.9348861713507135
-1,66,441,0.012444883456627883,0.7039052139992342
-1,66,449,-0.02324964858937567,0.48654316277915144
-1,66,467,-0.037582709005165124,0.3756319593500056
-1,66,490,-0.16715566511913876,3.863563250557978e-5
-1,66,537,-0.028743897105606403,0.6831663808534509
-1,66,624,-0.009287989890869153,0.7616642082145921
-1,66,625,-0.1893902576740876,9.559504258336525e-7
-1,66,650,0.029347966379955147,0.4888545587510339
-1,66,680,-0.05236748767981567,0.24700880378774642
-1,66,684,0.08407324618166069,3.3490289178154394e-4
-1,66,688,-0.024018023210490347,0.6374241971240091
-1,66,694,-0.199300565888674,1.3778018476980482e-5
-1,66,696,-0.08173314264440959,0.04808139148290368
-1,66,750,0.03967038803578314,0.27103834671112953
-1,66,777,-0.17385132054590746,0.01086729479940984
-1,68,17,-0.015995798132739297,0.4661384798928224
-1,68,50,0.0105166213699967,0.5563812880823898
-1,68,64,-0.06505936187518489,8.087410231162776e-4
-1,68,66,0.003780856525886608,0.7099441332063138
-1,68,73,-0.015023532512364775,0.5077480183510972
-1,68,103,-0.034511702963941134,0.12092403468790643
-1,68,136,-0.04914274039562039,0.004372040762329271
-1,68,215,-0.08134858734701336,1.5203994402618779e-5
-1,68,258,-0.0014585066548760035,0.9288110379870593
-1,68,275,-0.06194372040408168,0.04946136700570708
-1,68,394,-0.11646382467050469,7.787907559502422e-6
-1,68,410,-0.04282899524530449,0.024131974894957706
-1,68,435,-0.03579973118395812,0.09240915955761624
-1,68,441,0.02417724966937252,0.06773863467210334
-1,68,449,-0.022871208665065607,0.14150158662190895
-1,68,467,-0.005352010197300501,0.7768193075742648
-1,68,490,-0.11895474467589906,3.824554426682488e-11
-1,68,537,-0.1186674328731486,5.249544257527592e-4
-1,68,624,-0.017703606894186368,0.19788527145284265
-1,68,625,-0.08237314120839484,7.323329355564254e-6
-1,68,650,-0.010953720090109868,0.5507164218340919
-1,68,680,0.013599832940077917,0.4757899875869369
-1,68,684,0.00374909832136726,0.7160335331436719
-1,68,688,-0.04519348946581145,0.03945341739053656
-1,68,694,-0.08425389193399391,3.336005182232304e-5
-1,68,696,-0.04636153737207786,0.017264317426996613
-1,68,750,-0.031938924233877265,0.015577322230635599
-1,68,777,-0.024893023921144303,0.3242098893290335
-1,73,17,0.08742449019059066,0.002361932469529944
-1,73,50,0.028306969119089323,0.15948457723255668
-1,73,64,-0.08837105626471217,3.7013101342850445e-5
-1,73,66,0.001928187028479482,0.8431553703737714
-1,73,68,0.03223099617189509,0.06988673799007324
-1,73,103,0.04560738024807842,0.11122723242059501
-1,73,136,-0.04035441397509288,0.06142831145019159
-1,73,215,0.022519142655197173,0.3760765743315584
-1,73,258,-0.02239951969152473,0.2614308923886201
-1,73,275,-0.02991746196328096,0.4593968994377333
-1,73,394,-0.04560916992053983,0.17590633538754974
-1,73,410,0.07865079187684243,0.0019346324890052431
-1,73,435,-0.03415332610759802,0.15171055031308364
-1,73,441,0.01792109626873918,0.25222595466045666
-1,73,449,-0.007036825576373748,0.6770505229452888
-1,73,467,-0.01312205381664527,0.5405627876918137
-1,73,490,-0.1411161381815797,2.295786315832961e-10
-1,73,537,-0.13000923121271002,9.551002720405103e-4
-1,73,624,-0.027106767775652685,0.05019105253630474
-1,73,625,-0.11244096784315528,1.1401274491610024e-7
-1,73,650,0.01650921195863273,0.427192117154238
-1,73,680,0.057768026165335155,0.02085356328405828
-1,73,684,-0.011877631162958481,0.20155925121939347
-1,73,688,-0.1106856411449968,8.732741495400019e-6
-1,73,694,-0.15239850982899136,6.5786608503527e-11
-1,73,696,-0.020072284468545205,0.40073205784496235
-1,73,750,-0.022853005436286915,0.12376157020306039
-1,73,777,-0.03353993169816802,0.22258592701794086
-1,103,17,0.04233751804966586,0.06563438264520727
-1,103,50,-0.002964996018531517,0.8829101977872409
-1,103,64,-0.1025627613851403,1.0488114751941395e-8
-1,103,66,-0.004453034925097204,0.6070989460627094
-1,103,68,0.02068520779114373,0.19548893613184268
-1,103,73,0.02028322638663932,0.36551919467145577
-1,103,136,-0.0817792665194393,7.795717357381642e-6
-1,103,215,-0.02509589480056152,0.25861718684432927
-1,103,258,0.00628407326698876,0.6842339858978244
-1,103,275,-0.13418632811704967,2.479354827627827e-5
-1,103,394,-0.12720572163089644,6.502944992108419e-6
-1,103,410,0.003062981175435527,0.882135128296359
-1,103,435,-0.04685783083153789,0.03282607806314017
-1,103,441,0.006647187045446638,0.6010640297749711
-1,103,449,-0.026741817874013914,0.03320028835125842
-1,103,467,-0.02805045969369871,0.11225518205995992
-1,103,490,-0.15790451210197126,4.7974518888301997e-17
-1,103,537,-0.08304342068529495,0.010096191518697843
-1,103,624,-0.016011435973214506,0.24658805501408013
-1,103,625,-0.12008807217276105,1.262337243320868e-10
-1,103,650,-0.0025571420715880325,0.8802217207754202
-1,103,680,-0.00785089935692063,0.6840453938735437
-1,103,684,-0.01791637374498523,0.0356718028289289
-1,103,688,-0.107088906445569,2.8320024883524166e-7
-1,103,694,-0.1687851091819913,2.5653815504007247e-16
-1,103,696,-0.0339410433013634,0.07193502515414939
-1,103,750,-0.00964604184564578,0.5079029317257985
-1,103,777,-0.07798902330779627,8.547176102719873e-4
-1,136,17,0.045328322724725964,0.003071670329556086
-1,136,50,-0.02821926798937439,0.011760409287104917
-1,136,64,0.18236965253066081,2.758114910719685e-30
-1,136,66,0.010238640302573099,0.0748993352637817
-1,136,68,-0.003860329798505621,0.7047011599074353
-1,136,73,0.04829122559422446,3.787749871958031e-4
-1,136,103,0.02506475564963162,0.061586789066253714
-1,136,215,0.09549837034673923,1.8763861294432928e-8
-1,136,258,0.03345476463770897,0.0030297573663918163
-1,136,275,0.23411882747724197,1.4828116168245631e-16
-1,136,394,0.11520134184726506,1.8280115890956788e-9
-1,136,410,0.010851879279729325,0.37658568484182686
-1,136,435,0.04660186663011197,0.00158970581329953
-1,136,441,0.022263627878853266,0.00864187380464808
-1,136,449,0.020934528650971146,0.030932005044879994
-1,136,467,0.01921427911955295,0.06514370949790976
-1,136,490,0.13686409412841397,3.5927750525658177e-17
-1,136,537,0.13784755412315206,2.027903546524789e-6
-1,136,624,-0.014110330501643727,0.03704918506066147
-1,136,625,0.13341683754849626,1.771409413119686e-16
-1,136,650,0.011299244654183074,0.2778180738099018
-1,136,680,0.028698446799285876,0.02946011314462319
-1,136,684,-8.006654149341071e-5,0.9905200200491646
-1,136,688,0.06385839607220356,1.0072506960737102e-5
-1,136,694,0.21224129190731825,4.3105828294720325e-27
-1,136,696,0.050336513531980556,3.272287838367122e-4
-1,136,750,-0.015165790797136198,0.053646693170554115
-1,136,777,0.030255984186729073,0.057068843848407436
-1,215,17,0.10243220650033504,9.528816956607412e-8
-1,215,50,-0.018680597241113733,0.23136399317823123
-1,215,64,0.10226967944304506,2.6916495665686002e-8
-1,215,66,-0.013958893086621025,0.06312291444240702
-1,215,68,-0.023497215781946478,0.03863146222730835
-1,215,73,0.07309369593341826,7.198406029480113e-5
-1,215,103,0.027445554246357962,0.15031818899731333
-1,215,136,0.08844636442463444,3.926358971162539e-6
-1,215,258,-0.0019383075301601643,0.8826084028355989
-1,215,275,0.1823680964778981,1.8114830207145526e-8
-1,215,394,0.06633780060184569,0.005140209928200338
-1,215,410,0.05057531040334834,0.002870004870756976
-1,215,435,-0.015914389444678566,0.36723636373039514
-1,215,441,0.013764349373220635,0.2221577599001996
-1,215,449,-0.013562093955969958,0.2419181044396856
-1,215,467,-0.006779925770468183,0.6259110725326353
-1,215,490,0.06252375394689073,8.028540792630117e-4
-1,215,537,0.06000616614457824,0.062197297765194955
-1,215,624,-0.03759021568396311,2.3732206600755998e-4
-1,215,625,0.03613884971426108,0.04764068693512399
-1,215,650,-0.009356449365286219,0.5057234263751583
-1,215,680,0.04759071072045073,0.004041465891506278
-1,215,684,-0.021215183630127647,0.00328090247437072
-1,215,688,-0.04516704627001191,0.011953284830802666
-1,215,694,0.12099325045587439,4.993740388952741e-8
-1,215,696,0.009851732008927257,0.5475422062106199
-1,215,750,-0.019505969361134905,0.08144638486077484
-1,215,777,0.07049524706640717,0.0012492813086012306
-1,258,17,0.013117126775491476,0.5770855421367684
-1,258,50,-0.01747779831035176,0.383189861721862
-1,258,64,0.021522862431820267,0.2820095327906098
-1,258,66,0.009037650977728517,0.3607255585470083
-1,258,68,0.046814384847546894,0.008481612643768401
-1,258,73,0.0326559496062009,0.13507583003888932
-1,258,103,0.041847069397795235,0.0684530456146076
-1,258,136,0.055876720461333164,0.004136851083078058
-1,258,215,0.004686610473696198,0.8229950308997387
-1,258,275,-0.056116846306000896,0.09366308361920286
-1,258,394,-8.004636275253724e-4,0.9772881294304985
-1,258,410,0.005134524850005944,0.7942967061956998
-1,258,435,0.031692448718525314,0.12245444266391108
-1,258,441,0.02592778786817461,0.05986722003955185
-1,258,449,0.03594348063953159,0.019226913327241486
-1,258,467,0.006734217147212208,0.7328911344789584
-1,258,490,0.0015895380695232124,0.939651508571359
-1,258,537,-0.02337316182134152,0.5016099956178791
-1,258,624,-0.012071288232816783,0.3849319591121715
-1,258,625,0.055067849265391704,0.007388113311239504
-1,258,650,0.07811525887992919,9.316246783499153e-5
-1,258,680,0.06888633803353121,7.93595667423383e-4
-1,258,684,0.024211151460799392,0.012297037953661355
-1,258,688,0.06264698304140622,0.010449396278716164
-1,258,694,0.03297704931356187,0.14916208847793105
-1,258,696,0.05337339962804446,0.006585628966723616
-1,258,750,-0.010823169802497225,0.4731209207704654
-1,258,777,0.050524394966604706,0.06642078092549913
-1,275,17,0.009803584428276422,0.22500944686713484
-1,275,50,-9.938256330360223e-4,0.9058465014482036
-1,275,64,0.0623908342842079,1.2799493623349429e-14
-1,275,66,0.004641933097911626,0.1251322691374405
-1,275,68,0.004260477337678385,0.39839509974141063
-1,275,73,0.016475058808062742,0.037243034122628346
-1,275,103,0.010428151749858446,0.20728338669471036
-1,275,136,0.04024667512035209,2.096807222523027e-7
-1,275,215,0.04026758155627269,4.077069529649128e-6
-1,275,258,-3.926214485388453e-4,0.939613877594592
-1,275,394,0.04415506013447519,2.34131860850727e-5
-1,275,410,0.006545085210751329,0.3542768713815788
-1,275,435,0.006796791666536207,0.36800010936281413
-1,275,441,0.006300049249188495,0.13928860472665613
-1,275,449,-0.0021610465771948997,0.6103922576878712
-1,275,467,0.010295268151051038,0.0809130432909496
-1,275,490,0.027831301683943467,7.790248578491288e-4
-1,275,537,0.1084940425925416,2.9416684004481364e-9
-1,275,624,-0.002549715100434969,0.4780724867003052
-1,275,625,0.034492888645610224,2.275051696097612e-5
-1,275,650,-0.0015018091916912007,0.773851008190599
-1,275,680,-7.695352654265187e-4,0.9173053852352049
-1,275,684,0.0010032454146710063,0.7012136913751603
-1,275,688,0.0211583581843985,0.004436860818650834
-1,275,694,0.053076544169664404,6.066716007010621e-8
-1,275,696,0.011859434900839516,0.0749869585144792
-1,275,750,0.0028921590038716778,0.5123212952454089
-1,275,777,0.003208333106045994,0.6724961171820057
-1,394,17,0.02123964318103214,0.14569882303920692
-1,394,50,-0.05295008175404771,4.793472026124269e-6
-1,394,64,0.05577793612037555,2.2857637746738535e-5
-1,394,66,0.00426194683640811,0.46473428583049026
-1,394,68,-0.025302828636238256,0.0026875748093528056
-1,394,73,0.005440028704662776,0.6834310713457826
-1,394,103,0.03383371612288361,0.02129020950933817
-1,394,136,0.0630921250527669,5.069341293217934e-7
-1,394,215,0.024906950028326727,0.057270833346205544
-1,394,258,0.023703589838024498,0.019283902117094687
-1,394,275,0.08134344907106676,7.187284791746071e-4
-1,394,410,0.021042768512920106,0.09063413702046613
-1,394,435,0.04343807835614986,0.0012803993474500169
-1,394,441,-0.023111808337440354,0.0021370000859294216
-1,394,449,0.011640659301223343,0.17380615536566868
-1,394,467,0.0086822909158678,0.458916528891271
-1,394,490,0.14445235907334741,1.468918096534142e-23
-1,394,537,0.036536333540961564,0.12645089581589758
-1,394,624,-0.027371369575404543,0.0021142389646879255
-1,394,625,0.157016055870741,2.123275351726579e-28
-1,394,650,-0.01931933469770616,0.0690729947944961
-1,394,680,-0.026070282988684457,0.02338563564876622
-1,394,684,-0.011213720739011156,0.057007626870831545
-1,394,688,0.06440072538097695,3.8669184912496406e-5
-1,394,694,0.14327144397438774,4.875022756804093e-18
-1,394,696,0.05682487765680681,1.0817382134873817e-5
-1,394,750,-0.011356643838487493,0.18890977442120296
-1,394,777,0.028997058026913783,0.07312373284743647
-1,410,17,0.09631683672785936,0.0019940747378179493
-1,410,50,0.008054401460734011,0.7257160898361692
-1,410,64,-0.1579559955407777,7.03819695755949e-13
-1,410,66,-0.027584129462396606,0.016898259302309555
-1,410,68,-3.553581706679494e-4,0.986364199308968
-1,410,73,0.06547446092139284,0.018010175186011983
-1,410,103,0.022934166601108745,0.4410968637712095
-1,410,136,-0.14361895951582124,5.398474243530513e-11
-1,410,215,-0.022995293916473307,0.38828143447726426
-1,410,258,-0.02986061623257298,0.12728275461058236
-1,410,275,-0.06945507897756036,0.10482152341874607
-1,410,394,-0.05311795052146966,0.10762329862198833
-1,410,435,-0.0546697582463189,0.02252442315625279
-1,410,441,0.010933281274115981,0.5048558367456797
-1,410,449,-0.006705618832028988,0.7130471049101704
-1,410,467,-6.862724666586305e-4,0.9762460588477542
-1,410,490,-0.1714225037645347,6.342501416154864e-14
-1,410,537,-0.20748593049469974,2.157271108022802e-6
-1,410,624,-0.048655166391471216,0.0011396004252000797
-1,410,625,-0.14657582488090642,3.8237796358542593e-10
-1,410,650,-0.024734889895544822,0.25721711048538776
-1,410,680,0.05313268880831705,0.03293983073621067
-1,410,684,-0.02153347456445766,0.053942999567130244
-1,410,688,-0.1067151977483988,2.178168561740558e-5
-1,410,694,-0.17065249607471908,2.5842862928404065e-10
-1,410,696,-0.03980296545509295,0.08375502995108158
-1,410,750,-0.013069644793315037,0.441624487575335
-1,410,777,0.015481981751164883,0.6038680692323557
-1,435,17,0.01629542993427516,0.30540022732129646
-1,435,50,0.007132323679625444,0.566874054968792
-1,435,64,0.0341388381475321,0.020263049523164045
-1,435,66,0.001298310187801471,0.841815827976627
-1,435,68,2.557913296976077e-4,0.97956309244447
-1,435,73,5.650980836580381e-4,0.9675669067751079
-1,435,103,0.022889720011862336,0.11964767740854176
-1,435,136,0.023908398535680737,0.08295102982071044
-1,435,215,0.014572593531364616,0.34263739494467105
-1,435,258,0.0248481415024704,0.01212783073178503
-1,435,275,0.03907125356563883,0.16871655937218802
-1,435,394,0.03203002339347678,0.07814937524962744
-1,435,410,0.0017982271620403812,0.8893078323408495
-1,435,441,0.008822807125404935,0.3174221218438143
-1,435,449,0.006385315363171147,0.4785797635576021
-1,435,467,-0.006509087401719893,0.5752669001276611
-1,435,490,0.022117224718196105,0.1393218857046455
-1,435,537,0.0040594594816384015,0.8807952439686108
-1,435,624,-7.90944191300157e-4,0.922446914343068
-1,435,625,0.02959239744316331,0.031070024142002658
-1,435,650,-0.0077176986037769575,0.4511590061426587
-1,435,680,0.016346679027272427,0.18232401223102543
-1,435,684,-0.005768800896176987,0.3110132381314517
-1,435,688,0.0032893296265558533,0.8202360532876629
-1,435,694,0.017149384812800175,0.30164459547382233
-1,435,696,0.027538865659056992,0.03614665688590388
-1,435,750,0.012259272270791302,0.15989462062073717
-1,435,777,0.002630516257694519,0.8611824237509094
-1,441,17,0.08084306368220336,0.0020980910284519225
-1,441,50,0.07068066381167366,0.0018183603635704218
-1,441,64,-0.005939950363460148,0.7899636631099065
-1,441,66,0.01902131881103344,0.06541792647296883
-1,441,68,0.03997468158313756,0.012617078364307725
-1,441,73,0.06247744157173765,0.006165671260664178
-1,441,103,0.0529953294817109,0.040298147109784264
-1,441,136,0.015507703404275095,0.48182041356251293
-1,441,215,0.029902760206086582,0.20741215507643654
-1,441,258,0.01129134893219473,0.5227929145849082
-1,441,275,-0.014253424355958326,0.726339169007296
-1,441,394,-0.09277557570633997,0.0014834960514625343
-1,441,410,0.03541016344649276,0.08946443825337458
-1,441,435,-0.007938199552818605,0.7341348802641903
-1,441,449,-0.0062670690161700454,0.6961888393022961
-1,441,467,0.016231653276959756,0.38617054355774805
-1,441,490,-0.11805428761706091,1.8008844745531418e-9
-1,441,537,-0.027295758625934724,0.47813760926763793
-1,441,624,-0.005054356623564184,0.7190475477154024
-1,441,625,-0.0449368875659749,0.034271476374270464
-1,441,650,0.011132143943930993,0.5791592029180932
-1,441,680,0.05685657003368297,0.009331037916328253
-1,441,684,-0.009774491917697163,0.3662130219444536
-1,441,688,-0.09861211955562113,6.662190666994204e-5
-1,441,694,-3.2846648996986754e-4,0.9895105512365473
-1,441,696,-0.018940887464541385,0.36554910695910925
-1,441,750,0.004483768739437842,0.7389051798280226
-1,441,777,-8.90653874371221e-4,0.9765818812190552
-1,449,17,0.0233810995657021,0.274213104430787
-1,449,50,0.020524829424987203,0.24973676323150104
-1,449,64,-0.06029594032954884,0.00154625348434007
-1,449,66,0.009906124998468362,0.3285181700315486
-1,449,68,-0.023365821731338655,0.13910468636636045
-1,449,73,0.010727714241744518,0.5889065487073373
-1,449,103,0.03115258950420107,0.15381827849905802
-1,449,136,-0.01814984612096937,0.33900238793567594
-1,449,215,-0.010259446466847306,0.6200700531147076
-1,449,258,0.024423155701971715,0.13904463128040093
-1,449,275,-0.06818971553012951,0.0357880030789745
-1,449,394,-0.012381394685342642,0.6368488730382315
-1,449,410,0.020132895248391246,0.293648136441675
-1,449,435,-0.00550568661154575,0.8001940213556153
-1,449,441,0.008439721183148506,0.5237345738773749
-1,449,467,0.054924569458519104,0.0026350133126030414
-1,449,490,-0.016183185697928103,0.4239342700360519
-1,449,537,-0.0591552696760846,0.10008408660530967
-1,449,624,0.02515761371253474,0.06134425248144917
-1,449,625,-0.04598334822475895,0.01587694434265318
-1,449,650,0.028188582116592757,0.0840741200297729
-1,449,680,0.043600590063479154,0.013983590374084733
-1,449,684,0.014235526536530605,0.1646448631789619
-1,449,688,0.030089362670044018,0.2008495126298045
-1,449,694,-0.04039977950469627,0.08017001867869454
-1,449,696,0.03532942260359639,0.0730513798786707
-1,449,750,0.03264967638167976,0.014176954130869371
-1,449,777,0.0766713323641702,0.003515666620210329
-1,467,17,0.11079545195283111,3.6392854495461456e-5
-1,467,50,0.1408129379926515,1.3065467945705875e-8
-1,467,64,0.04420190086523856,0.03761310007173598
-1,467,66,0.04629357708601412,4.518208207899678e-6
-1,467,68,0.06545792237446971,9.635672489650181e-4
-1,467,73,0.13858066255568058,1.1163415185625809e-7
-1,467,103,0.15805274601139926,5.565420128542825e-9
-1,467,136,8.215220396055891e-4,0.9689533100762927
-1,467,215,0.04159144997928121,0.07686674355839168
-1,467,258,0.08162122033504106,4.91464871946462e-6
-1,467,275,0.0601061038172762,0.10998835457329761
-1,467,394,0.07924482662276425,0.004892939791177247
-1,467,410,0.136189208015054,2.5846945900479683e-9
-1,467,435,0.10678358909107136,6.88576656863657e-6
-1,467,441,0.0602573526191278,2.8655436098306324e-5
-1,467,449,0.10961202187634905,1.816785005364981e-12
-1,467,490,0.03543820754655774,0.1150090554744143
-1,467,537,0.05971411475904497,0.13231480092507464
-1,467,624,0.1011133881313735,2.3045752992097787e-10
-1,467,625,0.009520948070847565,0.6669578241618073
-1,467,650,0.0926275782280295,4.2588355282650745e-7
-1,467,680,0.08998619759233412,6.171486555120517e-5
-1,467,684,0.03149222581761759,0.0011925842505746257
-1,467,688,0.1497459472454397,6.507166385698826e-9
-1,467,694,-0.01244310643144537,0.6264878126469589
-1,467,696,0.12275331927677181,1.7497552548202957e-9
-1,467,750,0.14259038346371908,4.322011650056549e-18
-1,467,777,0.08133186494958074,0.0032247751522135643
-1,490,17,-0.038720508794884215,0.013276641151681583
-1,490,50,-0.042766984991129985,2.891715513164758e-4
-1,490,64,0.04779301637699389,5.296509100699181e-4
-1,490,66,-0.005800004823065796,0.2993900255263702
-1,490,68,-0.033347597270510385,9.34129665930109e-5
-1,490,73,-0.02042490802279921,0.17254259718434006
-1,490,103,-0.043996789147262,0.0041017053631679234
-1,490,136,0.028122244354239313,0.04433212532092284
-1,490,215,-0.011450163768022523,0.473530380196973
-1,490,258,-0.011503050260358635,0.2901792467385552
-1,490,275,0.010466675704122524,0.6557070839414278
-1,490,394,0.10597434474816478,1.8733715256612884e-7
-1,490,410,-0.020560605754777535,0.141355451766164
-1,490,435,0.007295509586892899,0.5935363133738583
-1,490,441,-0.036118211206242416,1.2338882093423621e-5
-1,490,449,0.01035601818488797,0.25540531120114857
-1,490,467,-0.0019733370610928525,0.8663238231654966
-1,490,537,0.020826658079964793,0.41270165918897384
-1,490,624,-0.01215859973876939,0.13753493012013512
-1,490,625,0.12487774383036997,1.9575695063886327e-15
-1,490,650,-0.03201043674323453,0.0051676308215329375
-1,490,680,-0.04081772166751664,0.005457718131810223
-1,490,684,-0.019243195058720634,4.260551074696597e-4
-1,490,688,0.05970914442231454,8.290697054799096e-5
-1,490,694,0.08266468065528608,2.3163126354747666e-6
-1,490,696,0.024597916467386,0.08786280189711436
-1,490,750,-0.016340196337551217,0.05256731059976987
-1,490,777,0.013830962339758498,0.41839072804515043
-1,537,17,6.597685737732422e-4,0.9256806928683129
-1,537,50,-0.020619235736785573,1.511059370178629e-4
-1,537,64,0.055041955209216974,1.6572435087271689e-9
-1,537,66,0.0029327461363286974,0.3453531715248952
-1,537,68,-0.015917685355200023,1.911694298613788e-4
-1,537,73,0.015017157312882726,0.026495686432553137
-1,537,103,0.012654859423543219,0.08476341990381507
-1,537,136,0.03898516355729619,9.653116401989798e-6
-1,537,215,0.023370283443310574,0.005380506061499679
-1,537,258,0.005677192838959236,0.3180037940502259
-1,537,275,0.08010999284914146,7.538194907709742e-7
-1,537,394,0.05993594816487308,3.358488094391043e-7
-1,537,410,0.003922007908322914,0.5381835776581334
-1,537,435,0.02068951578446929,0.0040225107620001895
-1,537,441,8.999485822285861e-4,0.8372938525988745
-1,537,449,0.008732055644433332,0.090729081258492
-1,537,467,0.0168207259927179,0.005476473078363525
-1,537,490,0.05387143131979253,4.7367062320488696e-8
-1,537,624,-0.002057090291785692,0.5912079071204615
-1,537,625,0.048394722325318613,2.6263352301838055e-7
-1,537,650,0.001236995132388883,0.8269184183961853
-1,537,680,0.001970662384359481,0.7692472526219556
-1,537,684,-1.2719152058853758e-4,0.9675437052919058
-1,537,688,0.029759148757055,0.001396131112361746
-1,537,694,0.07199939602071835,2.3372290708577527e-10
-1,537,696,0.022312016532669673,0.002336448095710241
-1,537,750,0.008020599571790528,0.05611613022325628
-1,537,777,0.006524177909808027,0.4681961875122843
-1,624,17,0.035794653557230244,0.15065599696386794
-1,624,50,0.3714478734975979,1.776136714951073e-23
-1,624,64,-0.01900735631023768,0.36438403855393864
-1,624,66,0.0390780883624592,0.0022677956792903496
-1,624,68,0.056792653104390384,2.465301905131305e-4
-1,624,73,0.038824835473467066,0.11318745430598064
-1,624,103,0.11256643703161578,3.726495953266937e-4
-1,624,136,-0.0035064032882298687,0.8674714124356488
-1,624,215,-0.022559897252410283,0.3698829444785493
-1,624,258,0.060460925291509475,8.82580013238719e-4
-1,624,275,-0.04191848542590904,0.2032077255257549
-1,624,394,-0.022620062245363167,0.4714030451169817
-1,624,410,0.06557664471374346,0.013710570741056999
-1,624,435,0.09506870589461254,6.227841004141677e-4
-1,624,441,0.06030170399058673,0.0010256519908086728
-1,624,449,0.04761490217272886,0.0029537676862528427
-1,624,467,0.14933738288381113,4.131310367497168e-9
-1,624,490,-0.07120518362486587,0.0038279984621273837
-1,624,537,7.450835545103578e-4,0.9832314632241952
-1,624,625,-0.05094789842138962,0.029314831262584773
-1,624,650,0.10365148387811071,2.303613694374541e-6
-1,624,680,0.05749810107115771,0.01940686726775801
-1,624,684,0.07321572565984479,4.0587674043592977e-10
-1,624,688,0.08278142797282678,0.004282291720169855
-1,624,694,-0.06568823442665052,0.01241468577928938
-1,624,696,0.07453770321532557,0.003928761080353708
-1,624,750,0.14366725446609785,1.0415526345213995e-8
-1,624,777,3.8448109832809333e-4,0.9889682249328178
-1,625,17,-0.07622867120872866,1.0357153721547269e-5
-1,625,50,-0.1119854431522762,1.9957351787930778e-16
-1,625,64,0.06268302583013692,5.1690900947211476e-5
-1,625,66,-0.011020372630248639,0.09609474953805222
-1,625,68,-0.04850625836645997,3.073848719325788e-5
-1,625,73,-0.05971392623794348,1.6229381730121703e-4
-1,625,103,-0.06774023781632033,6.684273060747535e-5
-1,625,136,0.03904077846341486,0.009739223588732806
-1,625,215,-0.018278661312132106,0.27849599726535734
-1,625,258,-0.010818599278825192,0.32908354458560973
-1,625,275,0.041409952988756354,0.18192580215608048
-1,625,394,0.12682252223004833,8.025501405181095e-9
-1,625,410,-0.05396471371824609,2.872783446034081e-4
-1,625,435,-0.006954841482550472,0.6242248118719493
-1,625,441,-0.037669526217530024,1.4385192614126848e-4
-1,625,449,-0.024277047514962374,0.023576420299226828
-1,625,467,-0.053858454613536236,6.0385651169960826e-5
-1,625,490,0.1469181851131563,5.685611059757688e-17
-1,625,537,0.04700295997907653,0.15981041457346
-1,625,624,-0.04126911659952941,1.5617906885305167e-5
-1,625,650,-0.06449482312996374,5.463146349137277e-7
-1,625,680,-0.06806391251861654,2.349062665637674e-6
-1,625,684,-0.027314239923975508,7.858556585787921e-6
-1,625,688,0.024702612257283634,0.1333330745185875
-1,625,694,0.1392536026732393,1.6764765636299448e-11
-1,625,696,0.0010143146611819277,0.944144292031989
-1,625,750,-0.06402141993306368,4.7668363889147695e-12
-1,625,777,0.022369177329788614,0.21011874056315574
-1,650,17,-0.00424251131303658,0.8466276606572573
-1,650,50,0.01817417756349105,0.3651942701280393
-1,650,64,-0.07544196157430635,1.3806266616581636e-5
-1,650,66,-0.007457408266425393,0.42223615149139726
-1,650,68,0.05114831865118538,0.0028437784302262495
-1,650,73,-0.032504193409735524,0.10787326231390804
-1,650,103,-0.017436203663098546,0.433506318064932
-1,650,136,-0.06852354031209446,1.7447320620512488e-4
-1,650,215,-0.0649297725608127,0.0014072223464937908
-1,650,258,0.016800121447477376,0.3263735314044268
-1,650,275,-0.10528355804201407,9.60478999330719e-5
-1,650,394,-0.1413307837018743,7.512091822587071e-10
-1,650,410,-0.05954367235951315,0.0015743723869286377
-1,650,435,-0.0263844891225466,0.13339972395322197
-1,650,441,-0.0042674975338990485,0.7576724087344167
-1,650,449,-0.004412384065543596,0.763066014146167
-1,650,467,-0.015358550771068095,0.373707821820195
-1,650,490,-0.08995294616432223,2.5104743062488897e-6
-1,650,537,-0.0978849717847593,1.3089607609695808e-4
-1,650,624,-4.422981545922608e-4,0.9734613334214339
-1,650,625,-0.1247305469364697,2.6179238729386542e-12
-1,650,680,0.006491107721574608,0.7550937642146325
-1,650,684,0.010741864122276833,0.28354984848879866
-1,650,688,-0.04964020584354998,0.02012792815817933
-1,650,694,-0.14108103236550545,1.1733421125288899e-11
-1,650,696,-0.05073327540817059,0.010545219612546071
-1,650,750,-0.014349234921135361,0.29210639817669226
-1,650,777,-0.024425948596143353,0.378938650459264
-1,680,17,-0.009210521925848328,0.7412009076741153
-1,680,50,-0.03231937731592123,0.14553567878524162
-1,680,64,-0.1252692017809592,2.6327511985876208e-8
-1,680,66,-0.030161622871836782,0.004982926874450894
-1,680,68,0.02311513420313221,0.24533989120011943
-1,680,73,0.010546670525743478,0.7057211049696975
-1,680,103,-0.03621650365127208,0.20380984955581735
-1,680,136,-0.15277966996884274,2.0064733605168084e-11
-1,680,215,-0.05625064151144546,0.03308184838786275
-1,680,258,-0.030249255702884673,0.1345193534820308
-1,680,275,-0.19135788280575036,7.542389427578756e-8
-1,680,394,-0.19111339094684662,5.262067498479259e-10
-1,680,410,-0.011159467116015719,0.6374451535284271
-1,680,435,-0.0620091309835332,0.00835881325350594
-1,680,441,-0.013355108936826322,0.3917358962010007
-1,680,449,-0.01916890989389986,0.268332253496062
-1,680,467,-0.03588004158841833,0.09029182009901249
-1,680,490,-0.22624189789824506,9.182840287974531e-24
-1,680,537,-0.1144785336765757,0.0027277748584782907
-1,680,624,-0.042047902733486374,0.002121239304268268
-1,680,625,-0.22856227365705853,8.241472675245493e-23
-1,680,650,-0.008101499773680191,0.7153279554762729
-1,680,684,-0.012624286669478565,0.24025207748027877
-1,680,688,-0.11359312607354334,8.694133938193444e-6
-1,680,694,-0.20829028709897718,4.4849126336533685e-17
-1,680,696,-0.06059012239751802,0.011237241327550466
-1,680,750,-0.026843398594681853,0.08580743937516191
-1,680,777,-0.005364052939634464,0.8534518646215592
-1,684,17,-0.08783700549782739,0.002092835341386644
-1,684,50,0.05401867578703607,0.03796238523258524
-1,684,64,-0.09600899693321809,1.641953769930313e-5
-1,684,66,0.026589287348934246,0.041893110552094305
-1,684,68,0.013870070342071085,0.519515349766869
-1,684,73,-0.06741485017253125,0.01575516233363754
-1,684,103,-0.022016334338071843,0.462504108636011
-1,684,136,-0.05839305989694703,0.01091003533294766
-1,684,215,-0.09321007528500816,1.2675324989875085e-4
-1,684,258,0.02207426594227459,0.36460009680317995
-1,684,275,-0.10488263104912174,0.0023943766730094656
-1,684,394,-0.14599550641684156,4.0312815809526405e-6
-1,684,410,-0.08144614262389156,0.0019694481026621617
-1,684,435,-0.011983482927375997,0.6221564287305736
-1,684,441,0.013826394376572269,0.4588285465768872
-1,684,449,0.0021799452502033255,0.9127264065377663
-1,684,467,0.017516576247395433,0.4670119671722075
-1,684,490,-0.14670112997930276,1.8522004307622918e-10
-1,684,537,-0.11700771492554797,0.0013638011367084885
-1,684,624,0.061000583654050644,0.0015455844807507812
-1,684,625,-0.1108725847936628,9.736369421056377e-6
-1,684,650,0.055011301904086,0.021005813904262045
-1,684,680,-0.03787649599672631,0.17034201646997105
-1,684,688,0.002364244938396731,0.9388081865683386
-1,684,694,-0.12290728099229542,8.457062853686783e-7
-1,684,696,-0.05588931947509053,0.015063559801212193
-1,684,750,0.016569104740897435,0.3156371585468087
-1,684,777,-0.009267188080228741,0.7944502751937562
-1,688,17,-0.11245535994098037,1.68321540533667e-11
-1,688,50,-0.0824704235649725,5.661777010710246e-8
-1,688,64,-0.03944752078028675,0.00673484124519336
-1,688,66,-0.015182170217592465,0.03097444032310642
-1,688,68,-0.03266429056905195,0.006977685197631682
-1,688,73,-0.07939926353193573,8.214065032939157e-7
-1,688,103,-0.0828877333734113,3.856143538924258e-6
-1,688,136,-0.033712751826953664,0.02139064570185636
-1,688,215,-0.11708697231642333,3.624306270480251e-14
-1,688,258,-0.02758838445474587,0.026586048388506825
-1,688,275,-0.10481931893620444,2.599572007104894e-5
-1,688,394,-0.06271981198455884,0.0018637224180567172
-1,688,410,-0.0675267654155402,1.0816208314428808e-5
-1,688,435,-0.017239292382494668,0.2571244558585941
-1,688,441,-0.054571758118267644,3.377082385801847e-8
-1,688,449,-0.011153899011936539,0.3320158528831386
-1,688,467,-0.024982781485217674,0.07698281651920375
-1,688,490,0.025001604621775114,0.12679451734458047
-1,688,537,-0.013288911767655415,0.6239450055788958
-1,688,624,-0.021266848274495757,0.034914504677374864
-1,688,625,-0.04378679896341365,0.004225912152615636
-1,688,650,-0.013121050266496145,0.33986668263462594
-1,688,680,-0.08105061880506026,1.4920440400785014e-7
-1,688,684,-7.774048177573254e-4,0.9057424085512997
-1,688,694,-0.05682163931913415,0.0015536677647980009
-1,688,696,-0.01709060465393302,0.2686835856980956
-1,688,750,-0.0018495134930404662,0.8689872305946373
-1,688,777,-0.02698138301456266,0.12308880646488671
-1,694,17,-0.02855394349955431,0.014908984774957586
-1,694,50,-0.06131659626909936,3.6287843574846013e-11
-1,694,64,0.10449534331066418,5.9573186738212304e-18
-1,694,66,-0.006066762547993802,0.21455720596600664
-1,694,68,-0.02509438539543479,6.008875189780196e-4
-1,694,73,-0.019700531599638565,0.06519037841904668
-1,694,103,-0.036701023878852566,0.002039916206193798
-1,694,136,0.08038418226621322,1.0050629384178812e-11
-1,694,215,0.028988749761507525,0.0159635234987707
-1,694,258,-0.006685872486020979,0.43771709628091204
-1,694,275,0.08084004860353068,3.795685206997958e-4
-1,694,394,0.07792339427288915,5.230704669257141e-7
-1,694,410,-0.018254724367779925,0.07491446058053639
-1,694,435,0.0014495768171842358,0.896605766093681
-1,694,441,-0.017855558991792714,0.00887705262311799
-1,694,449,-6.54328581785343e-4,0.93081576313633
-1,694,467,-0.015673508464634653,0.09005790987725364
-1,694,490,0.11854576935653408,1.9270419065271154e-18
-1,694,537,0.089047229102442,2.551752333538834e-5
-1,694,624,-0.023370884219349523,7.986206079696734e-5
-1,694,625,0.1301355390414031,5.452848297814198e-23
-1,694,650,-0.03097467245161829,7.533742050108668e-4
-1,694,680,-0.03007908615480806,0.003241271845645367
-1,694,684,-0.019251725258441203,7.004199073018824e-6
-1,694,688,0.035080860058393504,0.005828747212206462
-1,694,696,0.013199403614914633,0.2117090140145004
-1,694,750,-0.01853193237880599,0.008193828815560203
-1,694,777,-0.0061059217571867025,0.635474227462596
-1,696,17,0.11093581039484654,3.646128145225119e-7
-1,696,50,0.041105415593870896,0.03122049861097217
-1,696,64,0.0628868172235665,8.164544452596979e-4
-1,696,66,0.02972373561839139,0.0013829028057545105
-1,696,68,0.03412164370798125,0.014423374624127907
-1,696,73,0.11149921712009958,2.0276977619270638e-8
-1,696,103,0.12960900995159197,2.219483289149245e-9
-1,696,136,0.06628612293896252,2.5078265199378563e-4
-1,696,215,0.04921155217774448,0.013921048277912395
-1,696,258,0.10876697876195823,8.962142040053724e-13
-1,696,275,0.016033308861730034,0.6247084414157351
-1,696,394,0.1518688604992769,1.2163953416015908e-9
-1,696,410,0.09052685450020526,9.806610629454082e-7
-1,696,435,0.09831079444601729,3.0882912286899038e-6
-1,696,441,0.04824677984941116,5.9248522990335906e-5
-1,696,449,0.0515872200550548,1.6384829884471289e-4
-1,696,467,0.08099109613356431,7.683050632495816e-7
-1,696,490,0.10099368592835004,2.240382901050207e-7
-1,696,537,0.029977097368259924,0.40548884521918227
-1,696,624,0.023054453319897583,0.0694552227709547
-1,696,625,0.1228037057181528,8.240785769676566e-11
-1,696,650,0.07495095822087527,4.086496725947519e-6
-1,696,680,0.12765260283069826,5.346685870921715e-10
-1,696,684,0.006261294992789114,0.45692484503719444
-1,696,688,0.13668754339388522,2.1304443562172746e-10
-1,696,694,0.09932027072952072,7.559079291374397e-6
-1,696,750,0.05682259360585169,1.6550174602015537e-5
-1,696,777,0.07143944776184435,0.002148001871873854
-1,750,17,-0.003858491303230639,0.8870068089657003
-1,750,50,0.15687260427244645,2.298796844275712e-8
-1,750,64,-0.057143951065478545,0.022769667432371857
-1,750,66,0.025948655866525134,0.034569597708191346
-1,750,68,0.03273841395592476,0.07697078865242186
-1,750,73,0.00729648948861255,0.7692167312680247
-1,750,103,0.01967453817073013,0.4738057729817228
-1,750,136,-0.07766092135648484,0.0015599745699871907
-1,750,215,-0.04974585594919526,0.07464809970275736
-1,750,258,-0.023504882236866052,0.18503609235996005
-1,750,275,-0.01479389353645563,0.6973044366486252
-1,750,394,-0.06443637170119468,0.051177502695842696
-1,750,410,0.01607297185937317,0.5157219596222711
-1,750,435,0.02786554418015814,0.2553835917243342
-1,750,441,-0.0011365092355998703,0.9486884037511057
-1,750,449,0.05905702846126327,9.432552356459863e-4
-1,750,467,0.08328661009971695,3.855889272841734e-4
-1,750,490,-0.06896593785282255,0.008241193546848047
-1,750,537,0.029865215187009457,0.48891709539021444
-1,750,624,0.11624365701576185,9.38623288636487e-10
-1,750,625,-0.1254709126316284,1.4732519128062915e-6
-1,750,650,0.006742349802941566,0.7553490502186074
-1,750,680,0.006647498181378509,0.7695736629257998
-1,750,684,-0.018759279979339585,0.11811029445101937
-1,750,688,0.021007419081830767,0.4538969370325253
-1,750,694,-0.12977241701121126,1.2720097705262961e-5
-1,750,696,0.011880694434177936,0.6334705479882263
-1,750,777,-0.017497648793360465,0.5645380995552511
-1,777,17,0.015486811357191885,0.12118755952767153
-1,777,50,0.010211850625175897,0.2729254105608342
-1,777,64,0.01651288110836906,0.05149318298784816
-1,777,66,-0.0034959740895692437,0.4091981347314736
-1,777,68,-0.004174007482969849,0.5580310400592713
-1,777,73,0.011791197481907286,0.1648733411758211
-1,777,103,0.006495111627857604,0.4996668131107954
-1,777,136,0.018653222394652436,0.04377089107678125
-1,777,215,0.023311030879431687,0.019052306090067143
-1,777,258,0.017377667155035192,0.027643779125246664
-1,777,275,0.0066249778944871525,0.6200371487855709
-1,777,394,0.02511308593231396,0.04595600877659982
-1,777,410,0.01178109348837925,0.17622238283940544
-1,777,435,0.02539944449469392,0.003546427152346392
-1,777,441,-0.00729005091392399,0.23907776294107785
-1,777,449,0.021383640622553726,0.001214169969325075
-1,777,467,0.004234350802717042,0.5987299618310226
-1,777,490,0.03331187459350161,8.405758692352304e-4
-1,777,537,-7.251532352535354e-4,0.9630542930603183
-1,777,624,7.476111399238347e-4,0.9056617857959985
-1,777,625,0.01615702591180186,0.08074221995804376
-1,777,650,0.004231952171012807,0.6506703678856989
-1,777,680,0.010819422555635417,0.20780489660948928
-1,777,684,0.002592410651335906,0.6446813316398694
-1,777,688,0.02371544423974783,0.03349278914429333
-1,777,694,0.03143512674202936,0.006501985426015539
-1,777,696,0.010023228328439382,0.25351435454611565
-1,777,750,-0.002471895954379249,0.6870227728209306
